title,link,date
Top Dell Coupon Codes and Discounts for February 2025,/story/dell-coupon-code/,02.19.2025
The 50-Year-Old Law That Could Stop DOGE in Its Tracks—Maybe,/story/privacy-act-doge-lawsuits/,02.18.2025
Not Even DOGE Employees Know Who’s Legally Running DOGE,/story/doge-elon-musk-leadership-administrator/,02.18.2025
The 46 Best Shows on Max (aka HBO Max) Right Now,/story/hbo-max-best-shows-to-stream-right-now/,02.18.2025
Mira Murati Is Ready to Tell the World What She’s Working On,/story/mira-murati-thinking-machines-lab/,02.18.2025
National Science Foundation Fires 168 Workers as Federal Purge Continues,/story/national-science-foundation-february-2025-firings/,02.18.2025
Memecoin Scandal Threatens Argentine President Javier Milei,/story/memecoin-scandal-threatens-argentine-president-javier-milei/,02.18.2025
The Best External Hard Drives,/story/best-portable-external-storage-drives/,02.18.2025
The Best MagSafe Accessories for Your New iPhone,/gallery/best-magsafe-accessories/,02.18.2025
Google Calendar Malware Is on the Rise. Here’s How to Stay Safe,/story/google-calendar-malware-is-on-the-rise-heres-how-to-stay-safe/,02.18.2025
Long Live OnePlus’ 5-Day Battery King of Smartwatches,/review/oneplus-watch-3/,02.18.2025
The Ketamine-Fueled ‘Psychedelic Slumber Parties’ That Get Tech Execs Back on Track,/story/ketamine-psychedelic-slumber-parties-tech-executives/,02.18.2025
"Mobulas, an Aquatic Wonder of the Gulf of California, Are Disappearing",/story/mobulas-at-risk-of-disappearing-pacific-ocean/,02.18.2025
The Ratio Four Coffee Maker Brews Terrific Single-Serve Cups—No Pods Necessary,/review/ratio-four-coffee-maker/,02.18.2025
The 8 Best Mattress Toppers We've Slept On,/gallery/best-mattress-toppers/,02.18.2025
Chokepoint 2.0: An Investigation Promises the Truth About Crypto’s Biggest Conspiracy,/story/operation-chokepoint-20-crypto-debanking-conspiracy/,02.18.2025
"No, 150-Year-Olds Aren’t Collecting Social Security Benefits",/story/elon-musk-doge-social-security-150-year-old-benefits/,02.17.2025
The Best Theraguns and Therabody Tools for Recovery,/gallery/best-theragun-percussive-therapy-devices/,02.17.2025
The Best Laptops to Work and Play Wherever You Are,/gallery/best-laptops/,02.17.2025
A ‘Teleportation’ Breakthrough for Quantum Computing Is Here,/story/quantum-computing-information-teleportation/,02.17.2025
Why Trump’s Metal Tariffs Won’t Lead to the All-American iPhone,/story/why-trumps-metal-tariffs-wont-lead-to-the-all-american-iphone/,02.17.2025
Breathe Easy—We Found the Best Air Purifiers,/gallery/best-air-purifiers/,02.17.2025
Gourmia’s Low-Cost Pizza Oven and Air Fryer Scorches at 800 Degrees,/review/gourmia-all-in-one-pizza-oven/,02.17.2025
Zagg’s Pro Keys 2 Is a Cheaper iPad Keyboard Case but It’s Too Thick,/review/zagg-pro-keys-2-ipad-pro-13-inch-keyboard-case/,02.16.2025
The Spin Class Starter Pack: Everything You Need to Level Up Your Ride,/story/spin-class-starter-pack/,02.16.2025
Asus’ Zenbook A14 Is Wonderfully Light but Weak in Power,/review/asus-zenbook-a14/,02.16.2025
"The Best USB-C Cables for Your Phone, Tablet, or Laptop",/gallery/best-usb-c-cables/,02.16.2025
This New Algorithm for Sorting Books or Files Is Close to Perfection,/story/new-book-sorting-algorithm-almost-reaches-perfection/,02.16.2025
The Best Presidents’ Day Mattress Deals (and Bedding Too!),/story/presidents-day-mattress-deals-2025/,02.16.2025
The Best MacBook Accessories to Enhance Your Mac Life,/story/best-macbook-accessories/,02.15.2025
"Wait, Does Chocolate Go Bad? How to Store It, Freeze It, and Ship It",/story/how-to-store-chocolate/,02.15.2025
For-Profit Companies Can’t Easily Replace NOAA’s Weather-Forecasting Prowess,/story/noaas-vast-public-weather-data-powers-the-local-forecasts-on-your-phone-and-tv-a-private-company-alone-couldnt-match-it/,02.15.2025
The Best Noise-Canceling Headphones to Escape Reality,/gallery/best-noise-canceling-headphones/,02.15.2025
Metals Crucial to Clean Energy Are Getting Caught Up in the US–China Trade War,/story/2-obscure-clean-energy-metals-are-caught-in-the-crosshairs-of-the-us-china-trade-war/,02.15.2025
The 25 Best Shows on Amazon Prime Right Now,/story/best-shows-amazon-prime/,02.15.2025
The Official DOGE Website Launch Was a Security Mess,/story/the-official-doge-website-launch-was-a-security-mess/,02.15.2025
Apple’s Next iPhone SE Is Around the Corner,/story/apples-next-iphone-se-is-around-the-corner/,02.15.2025
A Player Has Defeated Punch-Out’s Mike Tyson in Under 2 Minutes for the First Time,/story/mike-tyson-punch-out-defeated-in-under-2-minutes-first-time/,02.15.2025
Top US Election Security Watchdog Forced to Stop Election Security Work,/story/cisa-election-security-freeze-memo/,02.14.2025
US Judge Extends Order to Block DOGE From Treasury Department Data,/story/doge-treasury-department-data-access-denied/,02.14.2025
Elon Musk’s Man in the Treasury Is Still Holding Down His Day Job as Software CEO,/story/musk-krause-treasury-bfs-conflict-of-interest/,02.14.2025
14 Great Couches You Can Buy Online,/gallery/best-couches/,02.14.2025
The DOGE Squad Is Squandering a Once-in-a-Lifetime Opportunity,/story/plaintext-elon-musk-doge-youth-squad/,02.14.2025
Zepp Clarity’s New OTC Hearing Aids Need More Time to Bake,/story/zepp-clarity-omni-clarity-one-and-clarity-pixie-hearing-aids-review/,02.14.2025
The Best Scented Candles,/gallery/best-scented-candles/,02.14.2025
12 Great Kindle Accessories to Add to Your E-Reader,/gallery/best-kindle-accessories/,02.14.2025
Beyerdynamic’s Aventho 300 Headphones Sound Good but Have Imperfect Noise Canceling,/review/beyerdynamic-aventho-300/,02.14.2025
The Best Podcasts for Everyone,/story/best-podcasts/,02.14.2025
"10 Years After ‘Stucky,’ Captain America: Brave New World Signals a Big Shift in Marvel Fandom",/story/captain-america-brave-new-world-fandom-fanfic-mcu/,02.14.2025
The Best Wireless Earbuds for Everyone,/gallery/best-wirefree-earbuds/,02.14.2025
From Swipe to Sweat: How Athletic Clubs Replaced Dating Apps,/story/dating-irl-athletic-clubs-gyms/,02.14.2025
Confessions of a Gay Priest on Hookup Apps,/story/confessions-of-a-gay-priest/,02.14.2025
Elon Musk’s Toxicity Could Spell Disaster for Tesla,/story/elon-musks-toxicity-could-spell-disaster-for-tesla/,02.14.2025
"Federal EV Charger Freeze Sows Chaos, but Chargers Are Still Getting Built",/story/ev-charger-freeze-sows-chaos-but-chargers-are-still-getting-built/,02.14.2025
H&R Block Coupon: $50 Off In-Store Services,/story/hr-block-coupon/,02.14.2025
TikTok Is Back in US App Stores,/story/tiktok-ban-back-in-ios-app-store-google-play-store/,02.13.2025
The 25 Best Movies on Apple TV+ Right Now,/story/best-apple-tv-plus-movies/,02.13.2025
A Nose-Computer Interface Could Turn Dogs Into Super Detectors,/story/nose-computer-interface-dogs-detectors-canaery/,02.13.2025
DOGE’s Website Is Just One Big X Ad,/story/doge-website-is-just-one-big-x-ad/,02.13.2025
Are Dating Apps Getting Worse?,/story/uncanny-valley-podcast-14-are-dating-apps-getting-worse/,02.13.2025
How We’re Keeping Tabs on DOGE,/story/uncanny-valley-podcast-news-update-doge/,02.13.2025
DOGE’s Race to the Bottom,/story/doge-elon-musk-fast-cuts/,02.13.2025
We Got Tipsy (Sorta) on a New Kind of Nonalcoholic Spirit,/review/sentia-spirits-gaba/,02.13.2025
Express Yourself With the Best AirPods Cases,/gallery/best-apple-airpods-cases/,02.13.2025
All the Settings You Should Change on Your New Samsung Phone,/story/key-settings-to-change-on-samsung-galaxy-phones/,02.13.2025
The Best Laptop Backpacks for Work (and Life),/gallery/the-best-backpacks-for-work/,02.13.2025
Here’s What the FDA Label on Your Personal Care Products Means,/story/fda-label-cleared-approved/,02.13.2025
Director of the Game Avowed Says AI Can’t Replace Human Creativity,/story/avowed-obsidian-carrie-patel-interview/,02.13.2025
17 Best Deals on Valentine’s Day Gifts,/story/valentines-day-deals-2025/,02.13.2025
The Best MagSafe Wireless Chargers,/gallery/best-magsafe-wireless-chargers/,02.13.2025
The Best Mattresses You Can Buy Online,/gallery/best-mattresses/,02.13.2025
"When Fires Rage, Millions Turn to Watch Duty. Meet the Guy Who Made It",/story/watch-duty-john-mills/,02.13.2025
The Incredible Shrinking Dating App,/story/dating-apps-by-the-numbers/,02.13.2025
The Loneliness Epidemic Is a Security Crisis,/story/loneliness-epidemic-romance-scams-security-crisis/,02.13.2025
This Is Where Asteroid 2024 YR4 Could Strike,/story/asteroid-2024-yr4/,02.13.2025
Score Up to 50% Off With Our Nectar Coupon Code,/story/nectar-coupon-code/,02.13.2025
KitchenAid Promo Codes and Coupons for February 2025,/story/exclusive-kitchenaid-promo-code/,02.13.2025
China’s Salt Typhoon Spies Are Still Hacking Telecoms—Now by Exploiting Cisco Routers,/story/chinas-salt-typhoon-spies-are-still-hacking-telecoms-now-by-exploiting-cisco-routers/,02.13.2025
DOGE Has Started Gutting a Key US Technology Agency,/story/doge-tts-fired/,02.12.2025
Revenge of the Covid Conspiracy Theorists,/story/revenge-of-the-covid-conspiracy-theorists/,02.12.2025
The GSA Plans to Sell Hundreds of Its Federal Government Buildings,/story/gsa-sell-government-buildings/,02.12.2025
California’s Problem Now Isn’t Fire—It’s Rain,/story/californias-problem-now-isnt-fire-its-rain-wildfires-atmospheric-rivers/,02.12.2025
"The Best Slippers for Indoors, Outdoors, and TSA Lines, According to Us",/gallery/best-slippers/,02.12.2025
A Hacker Group Within Russia’s Notorious Sandworm Unit Is Breaching Western Networks,/story/russia-sandworm-badpilot-cyberattacks-western-countries/,02.12.2025
The Best Smart Bird Feeders for Backyard Birding,/story/best-smart-bird-feeders/,02.12.2025
Power Up Anywhere With the Best Travel Adapters,/gallery/best-travel-adapters/,02.12.2025
The Best Running Shoes for Outpacing All Your Troubles,/gallery/best-running-shoes/,02.12.2025
Former Palantir and Elon Musk Associates Are Taking Over Key Government IT Roles,/story/elon-musk-palantir-chief-information-officers-government/,02.12.2025
The Best LED Face Masks (and How They Work),/story/led-face-masks-and-red-light-therapy/,02.12.2025
26 Gifts for the Best Mom You Know,/gallery/gifts-for-moms/,02.12.2025
The Best Bookshelf Speakers to Blast Your Tunes,/gallery/best-bookshelf-speakers/,02.12.2025
Xiaomi’s Poco X7 Pro Is a Midrange Marvel,/review/xiaomi-poco-x7-pro/,02.12.2025
The Best Cast Iron Pans for Every Kitchen,/gallery/best-cast-iron-pans/,02.12.2025
Want to Make Your Spotify Wrapped Better This Year? Start Now,/story/how-to-make-your-spotify-wrapped-better-this-year/,02.12.2025
How to Get PFAS Out of Drinking Water—and Keep It Out,/story/how-to-get-pfas-out-of-drinking-water-and-keep-it-out/,02.12.2025
The Heart Emoji Is Meaningless,/story/heart-emoji-lost-all-meaning/,02.12.2025
Your Love Life on Ozempic,/story/ozempic-glp-1s-libido-love-life/,02.12.2025
"Binance Moved Fast, Broke Things—and Paid the Price. Richard Teng Is Cleaning Up",/story/binance-richard-teng-cz-ceo/,02.12.2025
Crave’s Vesper Mini Is the Discreet Sex Toy Everyone Needs,/review/crave-vesper-mini/,02.12.2025
Save 10% With a Therabody Promo Code,/story/therabody-promo-code/,02.12.2025
Top Dyson Promo Codes: 20% Off in February 2025,/story/dyson-cordless-vacuum-promo-code/,02.12.2025
Chewy Promo Codes: $20 Off in February 2025,/story/chewy-promo-code/,02.12.2025
Save an Extra 20% With Top TurboTax Discounts,/story/turbotax-coupon/,02.12.2025
Save With Vitamix Promo Codes and Deals in February 2025,/story/vitamix-promo-code/,02.12.2025
The Murky Ad-Tech World Powering Surveillance of US Military Personnel,/story/rtb-location-data-us-military/,02.11.2025
Dozens of CFPB Workers Fired in After-Hours Blitz,/story/dozens-of-cfpb-workers-terminated-in-after-hours-firing-blitz/,02.11.2025
The CFPB Work Freeze Is Putting Big Tech Regulations ‘On Ice’,/story/cfpb-trump-freeze-tech-investigations/,02.11.2025
Federal Workers Launch New Lawsuit to Fight DOGE’s Data Access,/story/government-employees-lawsuit-privacy-doge/,02.11.2025
Here's How All Online Maps Are Handling the ‘Gulf of Mexico’ Name Change,/story/online-maps-gulf-of-mexico-name-change/,02.11.2025
Thomson Reuters Wins First Major AI Copyright Case in the US,/story/thomson-reuters-ai-copyright-lawsuit/,02.11.2025
An Adviser to Elon Musk’s xAI Has a Way to Make AI More Like Donald Trump,/story/xai-make-ai-more-like-trump/,02.11.2025
The 33 Best Shows on Apple TV+ Right Now,/story/best-apple-tv-plus-shows/,02.11.2025
The Powerbeats Pro 2 Are My Favorite New Workout Earbuds,/review/beats-powerbeats-pro-2/,02.11.2025
"Silicon Valley’s Macho Makeover Was a Warning, Not a Trend",/story/power-dressing-silicon-valleys-macho-makeover-is-a-warning-not-a-trend/,02.11.2025
"The Best Android Phones, Tested and Reviewed",/gallery/best-android-phones/,02.11.2025
The Best Travel Pillows,/gallery/best-travel-pillows/,02.11.2025
Our 19 Favorite Valentine’s Day Gifts and Date Ideas,/gallery/best-valentines-day-gifts/,02.11.2025
I Took Grindr’s AI Wingman for a Spin. Here’s a Glimpse of Your Dating Future,/story/hands-on-with-grindr-ai-wingman/,02.11.2025
What Comes After OnlyFans?,/story/onlyfans-artificial-intelligence-sex-work-relationships/,02.11.2025
I Dated Multiple AI Partners at Once. It Got Real Weird,/story/dating-ai-chatbot-partners-chatgpt-replika-flipped-chat-crushon/,02.11.2025
It’s Spring on Mars—and That Means Violently Explosive Geysers and Avalanches,/story/mars-violent-spring-nasa/,02.11.2025
NIH Funding Cuts Appear to Draw on Heritage Foundation Report That Blasts ‘DEI Staff’,/story/nih-indirect-funding-cuts-heritage-foundation/,02.10.2025
Spice Up Valentine’s Day With the Best Sexy Gifts for Lovers,/gallery/best-sexy-gifts/,02.10.2025
US Funding Cuts Are Helping Criminals Get Away With Child Abuse and Human Trafficking,/story/doge-usaid-state-department-child-exploitation/,02.10.2025
The Best Touchscreen Gloves to Get You Through the Winter,/gallery/best-touchscreen-gloves/,02.10.2025
The Best Puffer Jackets to Survive the Cold,/gallery/the-best-puffer-jackets/,02.10.2025
Our Favorite Pillows for a Restful Night’s Sleep,/gallery/best-pillows/,02.10.2025
The Best Toiletry Bags for Every Kind of Traveler,/gallery/best-toiletry-bags/,02.10.2025
The Untold Story of a Crypto Crimefighter’s Descent Into Nigerian Prison,/story/untold-story-crypto-crimefighters-descent-nigerian-prison-binance/,02.10.2025
Your New Favorite Sex Toy Might Be a Drugstore ‘Egg’,/story/japan-tenga-sex-toys-drug-store-egg/,02.10.2025
AI Will Save Dating Apps. Or Maybe Finally Kill Them,/story/ai-save-kill-dating-apps/,02.10.2025
I Was the Asshole,/story/reddit-am-i-the-asshole-relationship-advice/,02.10.2025
The Rise of the Drone Boats,/story/the-rise-of-the-drone-boats/,02.10.2025
The Wild True Story Behind Kendrick Lamar’s Super Bowl Halftime Show,/story/true-story-behind-kendrick-lamar-super-bowl-halftime-show/,02.09.2025
The Best Robot Vacuums to Keep Your Home Clean,/gallery/best-robot-vacuums/,02.09.2025
KEF’s Punchy New Q Series Bookshelves Trade Style for Substance,/review/kef-q-concerto-meta/,02.09.2025
"I Review Beauty Boxes for a Living, and These Are My Favorite Products",/gallery/best-beauty-products/,02.09.2025
The Fiat Grande Panda Is a Cheery City EV,/review/review-fiat-grande-panda-2025/,02.09.2025
The Best Mattresses for Back Pain,/gallery/best-mattresses-for-back-pain/,02.09.2025
Shopping for Goose Down? Here’s What to Know About ‘Down Fill Power’,/story/what-is-down-fill-power/,02.09.2025
Life on Earth Depends on Networks of Ocean Bacteria,/story/life-on-earth-depends-on-networks-of-ocean-bacteria/,02.09.2025
How to Watch the 2025 Super Bowl and Halftime Show for Free,/story/how-to-watch-super-bowl-2025-free-halftime-show/,02.09.2025
The Recruitment Effort That Helped Build Elon Musk’s DOGE Army,/story/elon-musk-doge-recruiting-palantir/,02.08.2025
The Best Water Leak Detectors for Your Home,/gallery/best-water-leak-detectors/,02.08.2025
The Ingenious Eufy E20 Is 3 Vacuums in 1,/review/eufy-e20-3-in-1-robot-vacuum/,02.08.2025
The Hilleberg Akto Is the Best Solo Tent You Can Buy,/review/hilleberg-akto-4-season-tent/,02.08.2025
The Fancii Abigail Makes Getting Ready Easy,/review/fancii-abigail/,02.08.2025
Why People Act So Weirdly at Airports,/story/the-weird-psychology-of-airports/,02.08.2025
The USAID Shutdown Puts Millions of African Lives at Risk,/story/the-usaid-shutdown-puts-millions-of-african-lives-at-risk/,02.08.2025
The 42 Best Movies on Netflix Right Now,/story/netflix-best-movies-this-week/,02.08.2025
Gutting USAID Will Have a Monumental Effect on Combating Climate Change,/story/gutting-usaid-will-have-a-monumental-effect-on-combating-climate-change/,02.08.2025
The 43 Best Shows on Netflix Right Now,/story/netflix-best-shows-this-week/,02.08.2025
This Forgotten Nintendo Switch Game Can Level Up Your Workouts,/story/this-forgotten-nintendo-switch-game-can-level-up-your-workouts/,02.08.2025
UK Secret Order Demands That Apple Give Access to Users’ Encrypted Data,/story/uk-secret-order-apple-users-encrypted-data/,02.08.2025
Apple’s Invites App Requires an iCloud+ Subscription to Host an Event,/story/apples-new-invites-app-requires-an-icloud-subscription-to-host-an-event/,02.08.2025
"Temu and Shein Raised Prices, Removed Products as Trump’s China Tariffs Went Into Effect",/story/tariffs-shein-temu-ecommercce/,02.08.2025
How Morocco Became the Meteorite Hunting Capital of the World,/story/morocco-meteorites-saharan-gold-rush/,02.08.2025
The Best Samsung Galaxy S25 Cases and Accessories,/gallery/best-samsung-galaxy-s25-cases-and-accessories/,02.07.2025
ACLU Warns DOGE’s ‘Unchecked’ Access Could Violate Federal Law,/story/aclu-doge-congress-musk-data/,02.07.2025
Trump’s FBI Pick Kash Patel Took Up to $5M in Stock From Chinese Ecommerce Giant Shein,/story/kash-patel-elite-depot-shein/,02.07.2025
A US Treasury Threat Intelligence Analysis Designates DOGE Staff as ‘Insider Threat’,/story/treasury-bfs-doge-insider-threat/,02.07.2025
DOGE Builds ‘Firewall’ Between Musk’s Team and Legacy USDS Workers,/story/musk-doge-firewall-usds-workers/,02.07.2025
Photopea Is a Free Photoshop Alternative That Runs in the Browser,/story/photopea-free-photoshop-alternative-that-runs-in-browser/,02.07.2025
DOGE Is Now Inside the Consumer Financial Protection Bureau,/story/doge-access-consumer-financial-protection-bureau-data/,02.07.2025
PreSonus’ Quantum HD Interfaces Help You Make Hit Records,/review/presonus-quantum-hd/,02.07.2025
2025: The Year of the AI App,/story/plaintext-ai-apps-foundation-models/,02.07.2025
The Best Streaming Devices for TV Cord Cutters,/gallery/best-4k-streaming-devices/,02.07.2025
"Best Flower Delivery Services for Every Occasion, Tested and Sniffed",/gallery/best-flower-delivery-service/,02.07.2025
The Best Handheld Vacuums,/gallery/best-handheld-vacuum/,02.07.2025
The US Government Is Not a Startup,/story/the-us-government-is-not-a-startup/,02.07.2025
Which Samsung Galaxy Phone Should You Buy?,/gallery/best-samsung-phones/,02.07.2025
The Best Weighted Blankets and Eye Masks for Calm and Comfort,/gallery/best-weighted-blankets/,02.07.2025
This High-Tech Handlebar Is Coming With Help From OnlyFans,/story/this-high-tech-handlebar-is-coming-with-help-from-onlyfans/,02.06.2025
Elon Musk’s DOGE Is Working on a Custom Chatbot Called GSAi,/story/doge-chatbot-ai-first-agenda/,02.06.2025
"E3’s Organizers Are Back With a New Event. This Time, Doctors Are Invited Too",/story/iicon-conference-from-e3-organizers-hollywood-health-care/,02.06.2025
The US Treasury Claimed DOGE Technologist Didn’t Have ‘Write Access’ When He Actually Did,/story/treasury-department-doge-marko-elez-access/,02.06.2025
Feds Halt the National Electric Vehicle Charging Program,/story/feds-halt-national-electric-vehicle-charging-program/,02.06.2025
Donald Trump's NIH Pick Just Launched a Controversial Scientific Journal,/story/trump-nih-pick-launched-controversial-scientific-journal/,02.06.2025
"USAID Workforce Slashed From 10,000 to Under 300 as Elon Musk’s DOGE Decimates Agency",/story/doge-guts-usaid-workforce/,02.06.2025
The 33 Best Movies on Hulu This Week,/story/best-movies-hulu-right-now/,02.06.2025
"TikTok Stole Our Hearts, but Can It Last?",/story/uncanny-valley-podcast-12-tiktok-stole-our-hearts/,02.06.2025
The Untold Winners of the Trump Memecoin Frenzy,/story/trump-memecoin-solana-crypto-platforms-profit/,02.06.2025
The Best Ski Clothes for Staying Warm and Having Fun,/gallery/best-ski-clothes/,02.06.2025
"Samsung’s Galaxy S25 Phones Are Powerful, Capable, and Surprisingly Boring",/review/samsung-galaxy-s25-s25-plus-and-s25-ultra/,02.06.2025
More Than Mezcal: A Dive Into Oaxaca’s High-End Cocktail Scene,/story/oaxaca-cocktails/,02.06.2025
Our Experts Tested 5 Bread Makers for the Perfect Loaf,/gallery/best-bread-makers/,02.06.2025
The Best Indoor TV Antennas,/gallery/best-tv-antennas/,02.06.2025
The 8 Best Air Fryers for an Extra Crispy Life,/gallery/best-air-fryer/,02.06.2025
Tariff Uncertainty Taxes the Auto Industry,/story/tariff-uncertainty-taxes-the-auto-industry/,02.06.2025
DOGE Teen Owns ‘Tesla.Sexy LLC’ and Worked at Startup That Has Hired Convicted Hackers,/story/edward-coristine-tesla-sexy-path-networks-doge/,02.06.2025
Get 25% Off With a Groupon Promo Code,/story/groupon-promo-code/,02.06.2025
Top Canon Coupons for February 2025,/story/canon-promo-code/,02.06.2025
Squarespace Promo Codes: 50% Off February 2025,/story/squarespace-promo-code/,02.06.2025
NOAA Employees Told to Pause Work With ‘Foreign Nationals’,/story/noaa-employees-foreign-nationals/,02.05.2025
US Shoppers Face Fees of Up to $50 or More to Get Packages From China,/story/tariffs-china-prices-fees-shein-temu/,02.05.2025
This DOGE Engineer Has Access to the National Oceanic and Atmospheric Administration,/story/doge-engineer-noaa-data-google-musk-climate-project-2025/,02.05.2025
Elon Musk’s Takeover Is Causing Rifts in Donald Trump’s Inner Circle,/story/trump-aides-concern-musk-takeover/,02.05.2025
"This Weird, Fleshy Novel Is Exactly What You Need Right Now",/story/this-weird-fleshy-novel-is-exactly-what-you-need-right-now-dengue-boy-michael-nieva/,02.05.2025
The Collapse of USAID Is Already Fueling Human Trafficking and Slavery at Scammer Compounds,/story/usaid-collapse-is-helping-criminal-scammers-enslave-people/,02.05.2025
The Far Right Has a New Hero: Elon Musk,/story/far-right-new-leader-elon-musk/,02.05.2025
LinkedIn Is Testing an AI Tool That Could Transform How People Search for Jobs,/story/linkedin-job-search-artificial-intelligence/,02.05.2025
The Best Fans for Every Use,/gallery/best-fans/,02.05.2025
How to Responsibly Dispose of Your Electronics,/story/how-to-responsibly-dispose-electronics/,02.05.2025
"The Therabody PowerDot 2.0 Duo Really Works, When It Works",/review/therabody-powerdot-20-duo/,02.05.2025
"Despite Catastrophic Hacks, Ransomware Payments Dropped Dramatically Last Year",/story/2024-ransomware-payments-fall-chainalysis/,02.05.2025
The Best Greens Powders,/gallery/best-greens-powders/,02.05.2025
The Best Super Bowl TV Deals,/story/the-best-super-bowl-tv-deals-2025/,02.05.2025
Early Detection Tools Help but They Can’t Stop Every Wildfire,/story/early-detection-cant-stop-every-wildfire/,02.05.2025
Top NordVPN Coupons: 74% Off + 3 Months Free,/story/nordvpn-coupon/,02.05.2025
USPS Resumes Accepting Packages From China After Unexpected Suspension,/story/tariffs-trump-ecommerce-amazon-temu/,02.04.2025
State Department Puts ‘All Direct Hire’ USAID Personnel on Administrative Leave,/story/chaos-usaid-staffers-sent-home/,02.04.2025
Google Lifts a Ban on Using Its AI for Weapons and Surveillance,/story/google-responsible-ai-principles/,02.04.2025
The 44 Best Shows on Hulu Right Now,/story/best-tv-shows-hulu-this-week/,02.04.2025
China Is Investigating Google Over Trump’s Tariffs,/story/google-china-antitrust-trump-tariffs/,02.04.2025
Federal Workers Sue to Disconnect DOGE Server,/story/federal-workers-sue-over-doge-server/,02.04.2025
Trump's Plan to Make European Cars More Expensive Has a Fatal Flaw,/story/trumps-plan-to-make-european-cars-more-expensive-has-a-fatal-flaw/,02.04.2025
Best Gifts for Women Who’ve Checked Out of Planet Earth,/gallery/gifts-for-women-who-are-over-this-planet/,02.04.2025
Chris Anderson Is Giving TED Away to Whoever Has the Best Idea for Its Future,/story/chris-anderson-steps-down-ted/,02.04.2025
The Best Walking Pads for Hitting Your Daily Step Goals,/story/best-walking-pads/,02.04.2025
This Wireless Xbox Headset Is as Simple as It Gets,/review/xbox-wireless-headset-2024/,02.04.2025
The Hatch Restore 3 Alarm Clock Is a Worthy Upgrade,/review/hatch-restore-3/,02.04.2025
Inside the Bust That Took Down Pavel Durov—and Upended Telegram,/story/pavel-durov-arrest-telegram-content-moderation/,02.04.2025
This Fifty Shades–Themed Rabbit Vibrator Is a Little Too Basic,/review/lovehoney-fifty-shades-of-grey-greedy-girl-rabbit-vibrator/,02.04.2025
Meet the Hired Guns Who Make Sure School Cyberattacks Stay Hidden,/story/meet-the-hired-guns-who-make-sure-school-cyberattacks-stay-hidden/,02.04.2025
Save on Streaming With Our Peacock Promo Code,/story/peacock-promo-code/,02.04.2025
A 25-Year-Old With Elon Musk Ties Has Direct Access to the Federal Payment System,/story/elon-musk-associate-bfs-federal-payment-system/,02.04.2025
Elon Musk’s DOGE Is Still Blocking HIV/AIDS Relief Exempted From Foreign Aid Cuts,/story/usaid-researchers-email-access/,02.03.2025
Elon Musk Ally Tells Staff ‘AI-First’ Is the Future of Key Government Agency,/story/elon-musk-lieutenant-gsa-ai-agency/,02.03.2025
Pronouns Are Being Forcibly Removed From Government Email Signatures,/story/pronouns-removed-government-email-signatures/,02.03.2025
Pokémon TCG Pocket’s Trading System Is So Bad Players Are Revolting,/story/pokemon-tcg-pocket-trading-system-player-frustration/,02.03.2025
The Elektron Digitone II Is a Modern Classic,/review/elektron-digitone-ii/,02.03.2025
"The Best Hearing Aids of 2025, Reviewed by Experts",/gallery/best-hearing-aids/,02.03.2025
Our Favorite Digital Notebooks and Smart Pens,/gallery/best-smart-notebooks-and-smart-pens/,02.03.2025
The Reencle Prime Home Composter Helps Gardeners Hit Paydirt,/review/reencle-prime/,02.03.2025
The Best Cheap Mattresses,/gallery/best-cheap-mattresses/,02.03.2025
These Robots Are Recovering Dumped Explosives From the Baltic Sea,/story/these-robots-are-recovering-dumped-explosives-from-the-baltic-sea/,02.03.2025
"The Young, Inexperienced Engineers Aiding Elon Musk’s Government Takeover",/story/elon-musk-government-young-engineers/,02.02.2025
WIRED’s Favorite ‘Buy It for Life’ Gear,/story/buy-it-for-life/,02.02.2025
What Is Qi2? The Wireless Charging Standard Goes Magnetic,/story/what-is-qi2-wireless-charging/,02.02.2025
The Best Tablets for Work and Play,/gallery/the-best-tablets/,02.02.2025
Why Computer Scientists Need Magic 8 Ball-Like Oracles,/story/why-computer-scientists-need-magic-8-ball-like-oracles/,02.02.2025
The Best Hair Masks,/gallery/best-hair-masks/,02.02.2025
The 5 Best OLED TVs We’ve Tested,/gallery/best-oleds/,02.02.2025
DOGE Staff Had Questions About the ‘Resign’ Email. Their New HR Chief Dodged Them,/story/doge-hr-elon-musk-resignation-fork-road-leaked-staff-meeting/,02.01.2025
US Government Websites Are Disappearing in Real Time,/story/us-government-websites-are-disappearing-in-real-time/,02.01.2025
Yamaha’s TAG3 C Guitar Lets You Play Along With Yourself,/review/yamaha-tag3-c-review/,02.01.2025
The Attractive Amazfit Active 2 Costs Only $100,/review/amazfit-active-2/,02.01.2025
Give Your Back a Break With Our Favorite Office Chairs,/gallery/best-office-chairs/,02.01.2025
Adaptive Skiing Helps People With Disabilities Explore More,/story/adaptive-skiing-where-to-go/,02.01.2025
Moon or Mars? The US Might Face a Tough Choice for Future Missions,/story/the-us-could-get-to-mars-quicker-if-it-deprioritizes-going-to-the-moon/,02.01.2025
The Best Body Pillows for Side Sleepers,/gallery/best-body-pillows-for-side-sleepers/,02.01.2025
The Best Sex Toys for Every Body,/gallery/best-sex-toys-and-tech/,02.01.2025
Foreign Hackers Are Using Google’s Gemini in Attacks on the US,/story/hackers-google-gemini-us-cyberattacks/,02.01.2025
Nothing Reveals When Its Next Budget Phone Drops,/story/nothing-reveals-when-its-next-budget-phone-drops/,02.01.2025
RFK Jr.’s Organic Crusade Has Sparked a Weird Political Realignment,/story/rfk-jrs-organic-crusade-has-sparked-a-weird-political-realignment/,02.01.2025
The Best Samsung Promo Codes for February 2025,/story/samsung-promo-codes/,02.01.2025
Save 25% With This AirDoctor Coupon Code in February 2025,/story/airdoctor-coupon-code/,02.01.2025
Top B&H Photo Discounts and Deals for February 2025,/story/bh-photo-coupon/,02.01.2025
20% Off Design Within Reach Promo Codes for February 2025,/story/design-within-reach-promo-code/,02.01.2025
The Damage to Federal Medical Research Is Already Done,/story/life-saving-research-risks-being-destroyed-by-the-federal-funding-freeze/,01.31.2025
Elon Musk’s Friends Have Infiltrated Another Government Agency,/story/elon-musk-lackeys-general-services-administration/,01.31.2025
Here’s How DeepSeek Censorship Actually Works—and How to Get Around It,/story/deepseek-censorship/,01.31.2025
OpenAI’s o3-Mini Is a Leaner AI Model That Keeps Pace With DeepSeek,/story/openai-o3-mini-release/,01.31.2025
Kash Patel Says He Never Promoted QAnon. Here Are All The Times He Did,/story/kash-patel-qanon/,01.31.2025
DeepSeek’s Safety Guardrails Failed Every Test Researchers Threw at Its AI Chatbot,/story/deepseeks-ai-jailbreak-prompt-injection-attacks/,01.31.2025
RFK Jr.’s Senate Testimony Is Haunted by His Track Record,/story/rfk-jr-senate-testimony-is-haunted-by-his-track-record-robert-f-kennedy/,01.31.2025
DeepSeek Has Gotten OpenAI Fired Up,/story/openai-deepseek-stargate-sam-altman/,01.31.2025
Our Favorite Ski Goggles Improve Visibility in Even the Worst Conditions,/gallery/best-ski-goggles/,01.31.2025
Best Sock Subscription Services for People Who Hate Shopping,/gallery/best-socks-subscription-services-for-people-who-hate-shopping/,01.31.2025
How Richard Mille Takes Quartz Watches to a Surprising Level,/story/how-richard-mille-takes-quartz-watches-to-a-surprising-level/,01.31.2025
The Best Dash Appliances to Save Countertop Space (and Money),/gallery/best-dash-appliances/,01.31.2025
The Best Natural Deodorants,/gallery/best-natural-deodorants/,01.31.2025
Nvidia’s GeForce RTX 5080 Is a Solid High-End GPU,/review/nvidia-geforce-rtx-5080-fe-review/,01.31.2025
"Early Investors in Donald Trump’s Memecoin May Have Been Tipped Off, Experts Claim",/story/trumpcoin-biggest-backers/,01.31.2025
5 Things the Nintendo Switch 2 Needs to Succeed,/story/5-things-the-nintendo-switch-2-needs-to-succeed/,01.31.2025
"Bill Gates Traumatized His Parents—and Other Stories of a Wild, Wonky Youth",/story/big-interview-bill-gates-book-autobiography-source-code/,01.31.2025
Visible Promo Codes and Coupons for February 2025,/story/visible-promo-code/,01.31.2025
"There’s Now a Barbie-Themed G-Shock Watch, and We Want In",/story/theres-now-a-barbie-themed-g-shock-watch-and-we-want-in/,01.30.2025
Government Tech Workers Forced to Defend Projects to Random Elon Musk Bros,/story/elon-musk-government-tech-workers-gsa-tts/,01.30.2025
What's Next in the DC Jet Crash Investigation,/story/whats-next-in-the-dc-jet-crash-investigation/,01.30.2025
Meta Is Dismantling DEI Programs but Tells Investors It Still Wants ‘Cognitive Diversity’,/story/meta-2024-earnings-dei-trump/,01.30.2025
The 65 Best Movies on Disney+ Right Now,/story/best-movies-disney-plus/,01.30.2025
The World According to Marc Andreessen,/story/uncanny-valley-podcast-11-marc-andreessen/,01.30.2025
"Bleach Enthusiast, Antisemitic Conspiracist Among Stars of Anti-Vaxxer Event to Be Held at Trump Hotel",/story/antivaxers-covid-deniers-trump-national-doral-miami-resort/,01.30.2025
"Washington, DC, Plane Crash: Everything We Know So Far",/story/washington-dc-plane-crash-everything-we-know-so-far-black-hawk-faa-potomac-american-airlines-psa/,01.30.2025
Our Favorite Audiophile-Grade Gear for Serious Listening,/story/audiophile-gear-guide/,01.30.2025
The Best Chocolate Boxes for Delivery in 2025,/gallery/best-delivery-chocolate-boxes/,01.30.2025
Your Pizza Guy Is Now AI,/story/palona-ai-chatbot-salesperson/,01.30.2025
DeepSeek Has Taught AI Startups a Lesson Automakers Learned Years Ago,/story/china-taught-ai-startups-a-lesson-automakers-learned-years-ago/,01.30.2025
The Supernote A5 X2 Manta Shines in the Pen Game,/review/supernote-a5-x2-manta/,01.30.2025
The Twitch Streamer Using Face Recognition to Make Video Games More Accessible,/story/using-face-recognition-to-make-games-more-accessible/,01.30.2025
The ‘Contentification’ of Trump Policy,/story/trump-content-creation-dnc-election/,01.30.2025
The Best Heat Protectant Sprays,/gallery/the-best-heat-protectants-for-hair/,01.30.2025
The Best Vibrators to Get Your Groove On,/gallery/best-vibrators/,01.30.2025
The Best Clitoral Suction Toys,/gallery/best-clitoral-suction-toys/,01.30.2025
Trump’s Plan for Elon Musk to Bring the ‘Stranded’ Astronauts Home ASAP Is a Headache for NASA,/story/trumps-plan-for-elon-musk-to-bring-the-stranded-astronauts-home-asap-is-a-headache-for-nasa/,01.29.2025
Exposed DeepSeek Database Revealed Chat Prompts and Internal Data,/story/exposed-deepseek-database-revealed-chat-prompts-and-internal-data/,01.29.2025
Elon Musk Tells Friends He’s Sleeping at the DOGE Offices in DC,/story/elon-musk-sleeping-doge-office/,01.29.2025
Federal Spending Freeze Threatens Ecosystems and Public Safety,/story/federal-spending-freeze-could-have-widespread-impact-on-environment-emergency-management/,01.29.2025
The New Mammut Jacket Is Made From Old Rope,/review/mammut-crag-in-jacket/,01.29.2025
The Best USB Microphones,/gallery/best-usb-microphones/,01.29.2025
The Best Smart Glasses to Augment Your Reality,/gallery/best-smart-glasses/,01.29.2025
Pebble’s Founder Wants to Relaunch the E-Paper Smartwatch,/story/pebble-founder-wants-to-relaunch-the-e-paper-smartwatch/,01.29.2025
The Trial at the Tip of the Terrorgram Iceberg,/story/brandon-russell-baltimore-trial/,01.29.2025
"The Best Juicers for Cocktails, Mocktails, Juices, and Smoothies",/gallery/best-juicer/,01.29.2025
This Blood Vessel Was Grown in a Lab With Real Human Cells,/story/this-blood-vessel-was-grown-in-a-lab-with-real-human-cells/,01.29.2025
Elon Musk Is Running the Twitter Playbook on the Federal Government,/story/elon-musk-twitter-playbook-federal-government/,01.28.2025
Elon Musk Lackeys Have Taken Over the Office of Personnel Management,/story/elon-musk-lackeys-office-personnel-management-opm-neuralink-x-boring-stalin/,01.28.2025
Trump’s ‘Gulf of America’ Order Has Mapmakers Completely Lost,/story/trump-gulf-of-america-order-maps/,01.28.2025
The 52 Best Shows on Disney+ Right Now,/story/best-shows-disney-plus/,01.28.2025
Dell Has a Gorgeous 32-Inch 4K Gaming Monitor for $400 Off,/story/alienware-aw3225qf-deal-january-2025/,01.28.2025
All the Top New Features in MacOS Sequoia,/story/apple-macos-sequoia-features/,01.28.2025
"The DJI Flip Drone Is Small, Collapsible, and Impressively Capable",/review/dji-flip/,01.28.2025
What Is HDR TV?,/2016/01/what-is-hdr-tv/,01.28.2025
The Top New Features in  Apple’s iOS 18 and iPadOS 18,/story/apple-iphone-ios-18-ipados-18-new-features/,01.28.2025
The Electric Vehicle Fight Turns to California,/story/the-electric-vehicle-fight-turns-to-california/,01.28.2025
This Portable Air Fryer Will Make Returning to the Office Much More Appetizing,/review/ninja-crispi-portable-glass-air-fryer/,01.28.2025
Bookshop.org Now Sells Ebooks,/story/bookshop-now-sells-ebooks/,01.28.2025
"DeepSeek’s New AI Model Sparks Shock, Awe, and Questions From US Competitors",/story/deepseek-executives-reaction-silicon-valley/,01.28.2025
Are You Lonely? Adopt a New Family on Facebook Today,/story/are-you-lonely-adopt-a-new-family-on-facebook-today/,01.28.2025
Top Home Chef Promo Codes and Coupons,/story/home-chef-promo-code/,01.28.2025
Top Wayfair Coupons for February 2025,/story/wayfair-coupon/,01.28.2025
Hands On With DeepSeek’s R1 Chatbot,/story/deepseek-chatbot-hands-on-vs-chatgpt/,01.27.2025
How an Indie Studio Got 400-Plus Games Into a $10 Bundle to Help LA Fire Victims,/story/game-bundle-los-angeles-wildfire-efforts/,01.27.2025
DeepSeek’s Popular AI App Is Explicitly Sending US Data to China,/story/deepseek-ai-china-privacy-data/,01.27.2025
"How to Turn Off Apple Intelligence on an iPhone, iPad, or Mac",/story/how-to-turn-off-apple-intelligence/,01.27.2025
"Chinese AI App DeepSeek Soars in Popularity, Startling Rivals",/story/deepseek-app-popular-viral/,01.27.2025
The Best Electric Kettles to Get the Water Going,/gallery/best-electric-kettles/,01.27.2025
Emergency Braking Will Save Lives. Automakers Want to Charge Extra for It,/story/emergency-braking-will-save-lives-automakers-want-to-charge-extra-for-it/,01.27.2025
Scammers Are Creating Fake News Videos to Blackmail Victims,/story/scammers-are-creating-fake-news-videos-to-blackmail-victims/,01.27.2025
"Here It Is, the Worst Slack Bug",/story/slack-bug-share-dm-history/,01.27.2025
Sephora Promo Codes and Deals for February 2025,/story/sephora-promo-code/,01.27.2025
This New Designer Kitchen Tool Is Just a Stick. So Why Are We Obsessed With It?,/story/this-new-designer-kitchen-tool-is-just-a-stick-so-why-are-we-obsessed-with-it/,01.26.2025
How to Use Stolen Device Protection on Apple’s iPhone,/story/how-to-use-stolen-device-protection-on-apple-iphone/,01.26.2025
Reflecting New York Holds a Mirror Up to NYC,/story/reflecting-new-york-holds-a-mirror-up-to-manhattan/,01.26.2025
"The Lush Bath Bot Is a Vegan, Recyclable Floating Speaker That's Out to Make a Point",/story/the-lush-bath-bot-is-a-vegan-recyclable-floating-speaker-thats-out-to-make-a-point/,01.26.2025
Scientists Re-Create the Conditions That Sparked Complex Life,/story/scientists-recreate-the-conditions-that-sparked-complex-life/,01.26.2025
George R.R. Martin Coauthored a Scientific Paper,/story/george-rr-martin-coauthored-a-scientific-paper-physics/,01.25.2025
Protect Your Phone With Android’s Theft Detection Features,/story/how-to-use-android-theft-detection-features/,01.25.2025
"The Less People Know About AI, the More They Like It",/story/the-less-people-know-about-ai-the-more-they-like-it/,01.25.2025
Nikon’s Z6 III Is a Hybrid Camera for the Masses,/review/nikon-z6-iii/,01.25.2025
The 22 Best Movies on Amazon Prime Right Now,/story/best-amazon-prime-movies/,01.25.2025
The Cause of the LA Fires Might Never Be Known—but AI Is Hunting for Clues,/story/what-sparks-a-wildfire-the-answer-often-remains-a-mystery/,01.25.2025
US Privacy Snags a Win as Judge Limits Warrantless FBI Searches,/story/section-702-fbi-searches-unconstitutional/,01.25.2025
Taylor Swift Triggered a Tsunami of Sports Bets. Then She Stopped Turning Up,/story/taylor-swift-triggered-a-tsunami-of-sports-bets-then-she-stopped-turning-up/,01.25.2025
"This Man Eats So Much Butter, Cheese, and Beef That Cholesterol Oozes From His Skin",/story/florida-man-eats-diet-of-butter-cheese-beef-cholesterol-oozes-from-his-body/,01.24.2025
DOGE Will Allow Elon Musk to Surveil the US Government From the Inside,/story/doge-elon-musk/,01.24.2025
‘We Have Seen a Lot More Hate’: Trans People Are Already Terrified,/story/trump-executive-order-transgender-kids/,01.24.2025
5 Physics Equations Everyone Should Know,/story/5-physics-equations-everyone-should-know/,01.24.2025
Science Has Spun Spider-Man’s Web-Slinging Into Reality,/story/science-has-spun-spideys-web-slinging-into-reality/,01.24.2025
Starkey's Edge AI Prescription Hearing Aids Are Phenomenal and Annoyingly Expensive,/review/starkey-edge-ai-ric-rt-hearing-aids/,01.24.2025
Dating Apps Promise to Remain a Rare Haven Following Trump’s Executive Order,/story/dating-apps-promise-to-be-a-haven-following-trumps-executive-order/,01.24.2025
Trump Wants a War With Cartels—and May Just Get One,/story/trump-executive-order-mexico-drug-cartels-terrorist-organizations/,01.24.2025
The Trump Cryptonaissance Is Here,/story/trump-crypto-executive-order/,01.23.2025
Palworld’s Creators Are Back—This Time With a Horror Game,/story/palworld-pocketpair-new-venture-surgent-studios/,01.23.2025
OpenAI’s Operator Lets ChatGPT Use the Web for You,/story/openai-sets-chatgpt-loose-on-the-web/,01.23.2025
The Proud Boys Are Plotting a Comeback. And They Want Revenge,/story/proud-boys-comeback-revenge/,01.23.2025
The Global Far Right Is Celebrating Trump’s New World Order,/story/global-far-right-celebrating-trump/,01.23.2025
Nvidia’s GeForce RTX 5090 Uses AI to Fill In Frames,/review/nvidia-rtx-5090-fe-review/,01.23.2025
Why Mark Zuckerberg Is Ditching Human Fact-Checkers,/story/uncanny-valley-podcast-10-meta-ends-fact-checking/,01.23.2025
Subaru Security Flaws Exposed Its System for Tracking Millions of Cars,/story/subaru-location-tracking-vulnerabilities/,01.23.2025
The Who's Who of MAGA Influencers You Should Know About by Now,/story/maga-influencers-content-creators/,01.23.2025
‘Neo-Nazi Madness’: Meta’s Top AI Lawyer on Why He Fired the Company,/story/lawmaker-meta-copyright-cases/,01.23.2025
"Under Trump, US Cyberdefense Loses Its Head",/story/big-interview-jen-easterly-cisa-cybersecurity/,01.23.2025
Psychology Can Be Harnessed to Combat Violent Extremism,/story/global-violent-extremism-psychology-social-media/,01.23.2025
Elon Musk Plays DOGE Ball—and Hits America’s Geek Squad,/story/plaintext-trump-musk-us-digital-service-doge/,01.22.2025
eBay Sellers Are Hawking Used Phones With TikTok Preinstalled for Thousands of Dollars,/story/ebay-sellers-are-hawking-used-phones-with-tiktok-pre-installed-for-thousands-of-dollars/,01.22.2025
The US Has Bird Flu Vaccines. Here’s Why You Can’t Get One,/story/the-us-has-bird-flu-vaccines-heres-why-you-cant-get-one/,01.22.2025
Samsung Says Its Galaxy S25 Is ‘Qi2 Ready.’ Here’s What That Really Means,/story/qi2-ready-certified-phones-and-cases/,01.22.2025
Samsung’s Galaxy S25 Phones Once Again Lean Heavily on AI,/story/samsung-galaxy-s25-galaxy-s25-plus-galaxy-s25-ultra/,01.22.2025
Mexico Rushes to Help Stranded Migrants After Trump Shuts Down the CBP One App,/story/mexico-provides-economic-support-cbp-one-app/,01.22.2025
"When TikTok Went Dark, an Unlikely App Won",/story/likee-tiktok-apps-rednote/,01.22.2025
This New AI Search Engine Has a Gimmick: Humans Answering Questions,/story/this-new-ai-search-engine-has-a-gimmick-humans-answering-questions/,01.22.2025
This Company Wants to Build a Space Station That Has Artificial Gravity,/story/this-company-wants-to-build-a-space-station-that-has-artificial-gravity/,01.22.2025
A Capitol Rioter’s Son Is Terrified About His Father’s Release,/story/capitol-riot-jan-6-pardon-family-threats-reffitt/,01.22.2025
Abbott’s Continuous Blood Glucose Monitor Lets You Check Your Metabolic Health,/review/abbott-lingo-continuous-blood-glucose-monitor/,01.22.2025
How to Send Cash,/story/how-to-send-cash/,01.22.2025
Trump Frees Silk Road Creator Ross Ulbricht After 11 Years in Prison,/story/trump-frees-silk-road-creator-ross-ulbricht-after-11-years-in-prison/,01.21.2025
Trump’s Plan to Leave the WHO Is a Health Disaster,/story/trump-plan-to-leave-the-who-health-disaster/,01.21.2025
Trump Says He Ended the ‘EV Mandate.’ What Does That Mean?,/story/trump-says-he-ended-the-ev-mandate-what-does-that-mean/,01.21.2025
How Meta Tried to Lure TikTok Users to Instagram,/story/how-meta-tried-to-lure-tiktok-users-to-instagram/,01.21.2025
The 31 Best Movies on Max (aka HBO Max) Right Now,/story/best-movies-hbo-max-right-now/,01.21.2025
Broadcast TV Is Dying. Trump Is Threatening It Anyway,/story/broadcast-tv-is-dying-trump-threatening-it-anyway/,01.21.2025
Game Developers Are Getting Fed Up With Their Bosses’ AI Initiatives,/story/video-game-industry-artificial-intelligence-developers/,01.21.2025
Trump’s Day One Executive Orders Will Worsen Climate Crisis,/story/trumps-day-one-executive-orders-are-an-environmental-catastrophe/,01.21.2025
Protect and Charge Your Apple Watch With Our Favorite Accessories,/gallery/best-apple-watch-accessories/,01.21.2025
4 Things Apple Maps Does Better Than Google Maps,/story/things-apple-maps-does-better-than-google-maps/,01.21.2025
How Invasive Plants Are Fueling California’s Wildfire Crisis,/story/how-invasive-plants-are-fueling-californias-wildfire-crisis/,01.21.2025
These Are Our Favorite Sheets to Catch Some Z's,/story/best-bedsheets/,01.21.2025
Gold Sneakers and Too-Tight Suits: The Menswear Guy Weighs In on Inauguration Weekend,/story/menswear-guy-maga-tight-suits-gold-sneakers/,01.21.2025
Save up to $50 With our Exclusive VistaPrint Coupon,/story/vistaprint-coupon-code/,01.21.2025
Trump Signs Executive Order Saving TikTok for 75 Days,/story/trump-executive-order-tiktok-ban/,01.20.2025
Proud Boys Leaders to Walk Free After Trump Releases All January 6 Rioters,/story/trump-pardons-proud-boys-enrique-tarrio-january-6/,01.20.2025
Neo-Nazis Love the Nazi-Like Salutes Elon Musk Made at Trump’s Inauguration,/story/neo-nazis-love-elon-musk-nazi-like-salutes-trumps-inauguration/,01.20.2025
The Trump Memecoin’s ‘Money-Grab’ Economics,/story/the-trump-memecoins-money-grab-economics/,01.20.2025
The White House Website Is Basically a Marvel Movie Trailer Now,/story/white-house-website-marvel-movie-trailer-helicopters-bald-eagle/,01.20.2025
The Donald Trump 2.0 Grift Is Already On,/story/donald-trump-grift/,01.20.2025
RedNote Recruited US Influencers to Promote App Amid TikTok Ban Uncertainty,/story/rednote-is-asking-american-influencers-to-promote-its-app/,01.20.2025
The Best Running Underwear to Beat Burn on Your Bits,/gallery/best-running-underwear/,01.20.2025
"MAGA Influencers Take Their Victory Lap, With Big Tech Picking Up the Tab",/story/maga-influencers-inauguration-victory-lap/,01.20.2025
"How to Use Parental Controls in Your Google, Apple, and Microsoft Accounts",/story/how-to-use-parental-controls-in-your-google-apple-and-microsoft-accounts/,01.20.2025
How to Use Apple’s Genmoji to Create New Kinds of Emojis,/story/how-to-create-genmoji-iphone-ios-18-ipados-18/,01.20.2025
The 13 Best TVs We’ve Tested (and Helpful Buying Tips),/gallery/best-tvs/,01.20.2025
I Test Meal Kits for a Living. These Are My Kitchen Gear Essentials,/gallery/meal-kit-essential-gear/,01.20.2025
TikTok Is Already Back Online,/story/tiktok-is-back/,01.19.2025
The Best Posture Correctors to Straighten You Up,/gallery/posture-correctors/,01.19.2025
The Best Wireless Chargers to Refuel Your Phone (or Watch),/gallery/best-wireless-chargers/,01.19.2025
Hisense’s RGB LED Could Be the Future for Cheap Screens,/story/what-is-rgb-led-tv/,01.19.2025
I Always Reach for My Always Pan,/review/our-place-always-pan-2/,01.19.2025
There’s a New Way to Count Prime Numbers,/story/mathematicians-uncover-a-new-way-to-count-prime-numbers/,01.19.2025
It’s Not Just TikTok: These Other ByteDance Apps Are Gone Too,/story/bytedance-tiktok-ban-lemon8-capcut-gauthai-app-stores/,01.19.2025
How to Get Around the US TikTok Ban,/story/how-to-get-around-the-us-tiktok-ban/,01.19.2025
TikTok Is Unavailable in the US—and Gone From the App Stores,/story/tiktok-ban-officially-in-effect/,01.18.2025
The Best Kindles to Take Your Library Anywhere,/gallery/best-kindle/,01.18.2025
Want to Smell Like Donuts? Beauty Brands Think You Do,/story/beauty-brands-dessert-skincare/,01.18.2025
"This LG TV Is Sleek and Wireless, but It’ll Cost You",/review/lg-m4-oled/,01.18.2025
Why Dumping Seawater on Blazes Isn’t the Answer to California’s Wildfire Problem,/story/firefighting-planes-are-dumping-ocean-water-on-the-los-angeles-fires-why-using-saltwater-is-typically-a-last-resort/,01.18.2025
9 Tips and Tricks to Get More Out of Your Amazon Kindle,/story/9-tips-and-tricks-to-get-more-out-of-your-amazon-kindle/,01.18.2025
Influencers Are Hawking Wellness Products in Response to the LA Fires,/story/influencers-are-hawking-wellness-products-in-response-to-the-la-fires/,01.18.2025
Want to Avoid AI Scams? Try These Tips From Our Experts,/story/avoid-scams-ai-unlocked-live/,01.18.2025
US Names One of the Hackers Allegedly Behind Massive Salt Typhoon Breaches,/story/us-names-one-of-the-hackers-allegedly-behind-massive-salt-typhoon-breaches/,01.18.2025
The 6 Best Sunrise Alarms to Help You Rise and Shine,/gallery/best-sunrise-alarm-clocks/,01.18.2025
Waymo Finds a Way Around US Restrictions Targeting Chinese Cars,/story/waymo-finds-a-way-around-us-restrictions-on-chinese-evs/,01.17.2025
Honor’s Magic 7 Pro Is a Nearly Flawless Flagship Smartphone,/review/honor-magic-7-pro/,01.17.2025
The FCC’s Jessica Rosenworcel Isn’t Leaving Without a Fight,/story/the-fccs-jessica-rosenworcel-isnt-leaving-without-a-fight/,01.17.2025
US Supreme Court Upholds TikTok Ban Law,/story/tiktok-ban-supreme-court/,01.17.2025
Mark Zuckerberg Turns His Back on the Media,/story/plaintext-mark-zuckerberg-turns-his-back-on-the-media/,01.17.2025
Can You Get Rich Using a Raspberry Pi to Mine Cryptocurrency?,/story/can-you-get-rich-using-a-raspberry-pi-to-mine-crypto/,01.17.2025
The WiiM Amp Pro Is the Perfect Starter Amp,/review/wiim-amp-pro/,01.17.2025
The Real Cognitive Neuroscience Behind Severance,/story/severance-apple-tv-plus-cognitive-neuroscience/,01.17.2025
Our Favorite Paper Planners for Organizing Your Life,/story/best-paper-planners/,01.17.2025
See 6 Planets Align on January 21,/story/see-6-planets-align-on-january-21-planetary-alignment-mars-venus-uranus-neptune-saturn-jupiter/,01.17.2025
Polestar Has a Bold Plan—Get Better at Selling Cars,/story/polestars-plan-to-save-itself-from-ruin/,01.17.2025
The Best Dry Shampoos to Extend Your Style,/gallery/the-best-dry-shampoos/,01.17.2025
How to Download All of Your TikTok Videos,/story/how-to-download-your-tiktok-videos/,01.17.2025
RedNote Scrambles to Hire English-Speaking Content Moderators,/story/xiaohongshu-english-moderators-red-note/,01.16.2025
They Went After the Hawk Tuah Crypto Promoters. Now They're Suing Pump.Fun,/story/lawyers-hawk-tuah-crypto-promoters-suing-pumpfun/,01.16.2025
Hackers Likely Stole FBI Call Logs From AT&T That Could Compromise Informants,/story/hackers-likely-stole-fbi-call-logs-from-att-that-could-compromise-informants/,01.16.2025
"Mira Murati’s AI Startup Makes First Hires, Including Former OpenAI Executive",/story/mira-murati-startup-hire-staff/,01.16.2025
An Entire Book Was Written in DNA—and You Can Buy It for $60,/story/entire-book-written-in-dna-buy-it-60-dollars/,01.16.2025
The Nintendo Switch 2 Is Playing It Safe. That’s the Smart Choice,/story/nintendo-switch-2-is-playing-it-safe-thats-the-smart-choice/,01.16.2025
Check Out These Extraordinary New Images of Mercury,/gallery/images-of-mercury-bepicolombo-mission/,01.16.2025
Nubia’s Redmagic 10 Pro Offers a Great Screen but Little Else,/review/nubia-redmagic-10-pro/,01.16.2025
Lovense's Osci 3 Is a Vibrator That Warms Up to Your Body Temperature,/review/lovense-osci-3/,01.16.2025
Nintendo Officially Announces Switch 2,/story/switch-2-announcement-nintendo/,01.16.2025
"The Best Leggings for Gym Rats, Runners, and Professional Couch Potatoes",/gallery/the-best-leggings/,01.16.2025
What Happens When You Turn Your Life Over to an AI Assistant?,/story/uncanny-valley-podcast-9-ai-assistants/,01.16.2025
The Best Meal Kit Delivery Services for Every Kind of Cook,/gallery/best-meal-kit-services/,01.16.2025
Why It’s So Confusing to Determine Air Quality in Los Angeles Right Now,/story/confusing-air-quality-los-angeles-aqi/,01.16.2025
TikTok Hadn't Even Been Banned Before the Backlash Started,/story/tiktok-ban-backlash-duolingo-xiaohongshu/,01.16.2025
Biden's Cyber Ambassador Urges Trump Not to Cede Ground to Russia and China in Global Tech Fight,/story/nathaniel-fick-us-cyber-ambassador-exit-interview/,01.16.2025
GitHub’s Deepfake Porn Crackdown Still Isn’t Working,/story/githubs-deepfake-porn-crackdown-still-isnt-working/,01.16.2025
The ‘Crazy Guy’ Who Bet Billions on the iPhone—3 Years Before It Existed,/story/softbank-masayoshi-son-bet-billions-iphone-steve-jobs/,01.16.2025
How Much Are Donald Trump’s Truth Social Shares Worth?,/story/donald-trump-truth-social-stock-tracker/,01.16.2025
The First Bitcoin President? Tracing Trump’s Crypto Connections,/story/mapping-donald-trump-crypto-connections/,01.16.2025
"A New Jam-Packed Biden Executive Order Tackles Cybersecurity, AI, and More",/story/biden-executive-order-cybersecurity-ai-and-more/,01.16.2025
The FTC Suing John Deere Is a Tipping Point for Right-to-Repair,/story/ftc-sues-john-deere-over-repairability/,01.15.2025
Not Many Meta Employees Will Have to Move to Texas After All,/story/not-many-meta-employees-move-to-texas-content-moderation/,01.15.2025
Microsoft Is Ending Support for Windows 10 Office Apps in October,/story/microsoft-is-ending-support-for-office-apps-in-windows-10/,01.15.2025
"Los Angeles Needs to Fireproof Communities, Not Just Houses",/story/how-to-build-a-fire-resistant-neighborhood/,01.15.2025
‘My Chinese Spy’ Memes Show Americans Aren’t Sold on the TikTok Ban,/story/tiktok-ban-my-chinese-spy-meme/,01.15.2025
Why ‘Beating China’ in AI Brings Its Own Risks,/story/why-beating-china-in-ai-brings-its-own-risks/,01.15.2025
The Best Time Management Apps to Tame the Chaos,/story/best-time-management-apps/,01.15.2025
Lenovo’s Latest ThinkPad X1 Carbon Is Shockingly Light,/review/lenovo-thinkpad-x1-carbon-gen-13-aura-edition/,01.15.2025
Our Favorite Linen Sheets to Upgrade Your Sleep,/gallery/best-linen-sheets/,01.15.2025
The Crazy Nokia Designs That Never Saw the Light of Day,/gallery/nokia-design-archive-photo-gallery-of-wacky-phone-designs/,01.15.2025
AI Agents Are Here. How Much Should We Let Them Do?,/story/the-prompt-ai-agents-how-much-should-we-let-them-do/,01.15.2025
That Sports News Story You Clicked on Could Be AI Slop,/story/ai-slop-sports-news-sites/,01.15.2025
The Madcap Rise of Memecoin Factory Pump.Fun,/story/madcap-rise-of-memecoin-factory-pumpfun/,01.15.2025
5 Budgeting Apps to Help You Save Money,/story/finance-budget-investment-apps/,01.15.2025
Walmart Promo Codes and Coupons for February 2025,/story/top-walmart-promo-codes/,01.15.2025
The SEC Is Suing Elon Musk. It’s All in the Timing,/story/sec-suing-elon-musk-gensler-trump-timing/,01.14.2025
Far-Right Extremists Are LARPing as Emergency Workers in Los Angeles,/story/far-right-extremists-are-larping-as-emergency-workers-in-los-angeles/,01.14.2025
It's Hard to Go Wrong With the OnePlus 13,/review/oneplus-13-and-oneplus-13r/,01.14.2025
You Have NASA to Thank for Wireless Headphones and Vacuum Cleaners,/gallery/nasa-spinoff-space-research-technology/,01.14.2025
The Best Massagers for People Who Don’t Have Time to Relax,/gallery/best-massagers/,01.14.2025
The Das Keyboard 5QS Mark II Is a Mechanical Keyboard Lost in Time,/review/das-keyboard-5qs-mark-ii/,01.14.2025
The Best VPNs to Protect Yourself Online,/story/best-vpn/,01.14.2025
Imagining a Future Where Chicagoans Get Around in Free Driverless Cars,/story/book-excerpt-death-of-the-author-nnedi-okorafor/,01.14.2025
The Best Coffee Subscriptions to Keep You Wired,/gallery/best-coffee-subscriptions/,01.14.2025
How to Pay Your Taxes Online,/story/how-to-pay-taxes-online/,01.14.2025
GPS Is Vulnerable to Attack. Magnetic Navigation Can Help,/story/google-startup-wants-to-revolutionize-satellite-navigation/,01.14.2025
A Spymaster Sheikh Controls a $1.5 Trillion Fortune. He Wants to Use It to Dominate AI,/story/uae-intelligence-chief-ai-money/,01.14.2025
"The ‘Largest Illicit Online Marketplace’ Ever Is Growing at an Alarming Rate, Report Says",/story/the-largest-illicit-online-marketplace-ever-is-growing-at-an-alarming-rate/,01.14.2025
Save $150 On Chef-Curated Meal Kits at Blue Apron,/story/blue-apron-coupon/,01.14.2025
Judge Ends One Man’s 11-Year Quest to Recover $765 Million in Bitcoin by Digging Up a Landfill,/story/bitcoin-landfill-excavation-james-howells-judge-ruling/,01.13.2025
"With a TikTok Ban Looming, Users Flee to Chinese App ‘RedNote’",/story/red-note-tiktok-xiaohongshu/,01.13.2025
DDR4 vs. DDR5 RAM: What's the Difference?,/story/ddr4-vs-ddr5-explainer/,01.13.2025
The Best Cat Water Fountains,/gallery/the-best-cat-water-fountains/,01.13.2025
The Los Angeles Wildfires Have Created Another Problem—Unsafe Drinking Water,/story/wildfires-have-given-los-angeles-a-contaminated-water-problem/,01.13.2025
New US Rule Aims to Block China’s Access to AI Chips and Models by Restricting the World,/story/new-us-rule-aims-to-block-chinas-access-to-ai-chips-and-models-by-restricting-the-world/,01.13.2025
Mapping Elon Musk’s Global Empire,/story/mapping-elon-musk-global-empire/,01.13.2025
The King of Ozempic Is Scared as Hell,/story/novo-nordisk-king-of-ozempic-scared-as-hell/,01.13.2025
Rich Men Rule the World,/story/editor-letter-rich-men-rule-the-world/,01.13.2025
The Spectacular Burnout of a Solar Panel Salesman,/story/spectacular-burnout-solar-panel-salesman/,01.13.2025
AI Financial Advisers Target Young People Living Paycheck to Paycheck,/story/ai-financial-advisers-apps-chatbots/,01.13.2025
25 Fancy Gadgets That Won’t Leave You Broke,/gallery/cheap-thrills-affordable-fancy-gadgets/,01.13.2025
Inside the Black Box of Predictive Travel Surveillance,/story/inside-the-black-box-of-predictive-travel-surveillance/,01.13.2025
Panasonic’s Z95A OLED TV Brings Searing Brightness and Colors,/review/panasonic-z95a-oled-tv/,01.12.2025
"The Best Automated Espresso, Latte, and Cappuccino Makers",/story/best-latte-and-cappuccino-machines/,01.12.2025
New Superconductive Materials Have Just Been Discovered,/story/new-superconductive-materials-have-just-been-discovered/,01.12.2025
Latin American Fact-Checkers Brace for Meta’s Next Moves,/story/hispanic-fact-checkers-react-meta-disinformation/,01.11.2025
A Glowing Metal Ring Crashed to Earth. No One Knows Where It Came From,/story/a-glowing-metal-ring-crashed-to-earth-no-one-knows-where-it-came-from/,01.11.2025
Shure’s MV6 Is a Clean-Looking Gaming Mic,/review/shure-mv6/,01.11.2025
These Maps Show Just How Dry Southern California Is Right Now,/story/these-maps-show-just-how-dry-southern-california-is-right-now/,01.11.2025
Los Angeles Will Remain at High Risk of Fire Into Next Week,/story/los-angeles-will-remain-at-high-risk-of-fire-into-next-week/,01.11.2025
The Best Air Quality Monitors We’ve Tried,/gallery/best-indoor-air-quality-monitors/,01.11.2025
The Brightest Comet of 2025 Is Coming. Here’s How You Can See It Shine,/story/brightest-comet-2025-atlas-c-2024g3/,01.11.2025
The Evolving (and Inexact) Science of Wildfire Evacuation,/story/the-growing-and-inexact-science-of-fleeing-a-wildfire/,01.10.2025
The TikTok Ban Is More Likely Than Ever,/story/tiktok-ban-supreme-court-hearing/,01.10.2025
The TikTok Ban Would Be Social Media’s First Extinction-Level Event,/story/the-tiktok-ban-would-be-social-medias-first-extinction-level-event/,01.10.2025
"Even Trump Can’t Stop America’s Green Transition, Says Biden’s Top Climate Adviser",/story/even-trump-cant-stop-americas-green-transition-says-bidens-top-climate-advisor/,01.10.2025
Secret Phone Surveillance Tech Was Likely Deployed at 2024 DNC,/story/2024-dnc-cell-site-simulator-phone-surveillance/,01.10.2025
The Best Mobile Controllers for Gaming on the Go,/gallery/best-mobile-game-controllers-for-iphone-android/,01.10.2025
The Government Wants to Protect Robux From Hackers,/story/the-government-wants-to-protect-robux-from-hackers-cfpb/,01.10.2025
How Wildfire Smoke Affects Your Health—and How You Can Protect Yourself,/story/how-wildfire-smoke-affects-your-health-and-how-to-protect-yourself/,01.10.2025
Can Your Car Be Your Friend?,/story/can-your-car-be-your-friend/,01.10.2025
Global Warming Is Wreaking Havoc on the Planet’s Water Cycle,/story/global-warming-planet-water-cycle/,01.10.2025
Save Up to $830 at Verizon—No Promo Code Required,/story/verizon-promo-code/,01.10.2025
‘All Hands on Deck’: How Watch Duty Keeps Up With the California Wildfires,/story/watch-duty-california-wildfires-ceo-founder-interview/,01.09.2025
The Tide Could Finally Be Turning Against the LA Fires,/story/the-tide-could-finally-be-turning-against-the-la-fires/,01.09.2025
The Nintendo Switch 2 Rumors and Leaks Won’t Change Anything,/story/nintendo-switch-2-rumors-and-leaks-are-everywhere/,01.09.2025
These Newly Identified Cells Could Change the Face of Plastic Surgery,/story/these-newly-identified-cells-could-change-the-face-of-plastic-surgery/,01.09.2025
"Meta Secretly Trained Its AI on a Notorious Piracy Database, Newly Unredacted Court Docs Reveal",/story/new-documents-unredacted-meta-copyright-ai-lawsuit/,01.09.2025
Elon Musk and Far-Right German Leader Agree ‘Hitler Was a Communist’,/story/elon-musk-far-right-german-leader-weidel-hitler-communist/,01.09.2025
"Candy Crush, Tinder, MyFitnessPal: See the Thousands of Apps Hijacked to Spy on Your Location",/story/gravy-location-data-app-leak-rtb/,01.09.2025
Rumble Among 15 Targets of Texas Attorney General’s Child Privacy Probe,/story/texas-social-media-investigation-children-privacy/,01.09.2025
How the US TikTok Ban Would Actually Work,/story/how-the-us-tiktok-ban-would-actually-work/,01.09.2025
The Los Angeles Fires Will Put California’s New Insurance Rules to the Test,/story/the-los-angeles-fires-will-put-californias-new-insurance-rules-to-the-test/,01.09.2025
Demystifying the Department of Government Efficiency,/story/demystifying-doge-elon-musk-vivek-ramaswamy/,01.09.2025
Elon Musk’s Quest for Domination Has Gone Global,/story/elon-musks-quest-for-domination-has-gone-global/,01.09.2025
The Devastating Los Angeles Fires in Pictures,/gallery/the-devastating-los-angeles-fires-in-pictures/,01.09.2025
MAGA Is Blaming DEI for the California Wildfires,/story/maga-blaming-dei-california-wildfires-conspiracy/,01.09.2025
"The Best Organic Mattresses, Toppers, and Bedding",/story/best-organic-mattresses/,01.09.2025
"The Fanciful, Mechanical, Monumental Spectacle of CES 2025",/story/ces-2025-photo-gallery-day-4/,01.09.2025
The Internet’s Future Is Looking Bleaker By the Day,/story/the-internets-future-is-looking-bleaker-by-the-day/,01.09.2025
The 31 Best Gadgets From CES 2025 You Can Buy Right Now,/story/the-gadgets-from-ces-2025-you-can-buy-right-now/,01.09.2025
The School Shootings Were Fake. The Terror Was Real,/story/school-swatting-torswats-brad-dennis/,01.09.2025
Get 15% Off With an Adidas Promo Code,/story/adidas-promo-code/,01.09.2025
California’s Wildfires Show No Signs of Slowing Down,/story/california-wildfires-2025-santa-ana-winds-pacific-palisades-hurst-eaton-los-angeles/,01.08.2025
"Before Las Vegas, Intel Analysts Warned That Bomb Makers Were Turning to AI",/story/las-vegas-bombing-cybertruck-trump-intel-dhs-ai/,01.08.2025
Your Next AI Wearable Will Listen to Everything All the Time,/story/bee-ai-omi-always-listening-ai-wearables/,01.08.2025
The X-ification of Meta,/story/the-x-ification-of-meta/,01.08.2025
AI Social Media Users Are Not Always a Totally Dumb Idea,/story/ai-social-media-users-are-not-always-a-totally-dumb-idea/,01.08.2025
No Fact-Checking and More Hate Speech: Meta Goes MAGA,/story/plaintext-meta-zuckerberg-maga-trump/,01.08.2025
11 More of the Most Fun Things We’ve Seen at CES,/gallery/ces-2025-photo-gallery-day-3/,01.08.2025
NASA Wants to Explore the Icy Moons of Jupiter and Saturn With Autonomous Robots,/story/swim-icy-moons-extraterrestrial-life-nasa-jupiter-saturn-europa-swim/,01.08.2025
Don’t Count Out Human Writers in the Age of AI,/story/dont-count-out-human-writers-in-the-age-of-ai/,01.08.2025
"Meta Follows Elon Musk’s Lead, Moves Staffers to Billionaire-Friendly Texas",/story/meta-elon-musks-lead-trust-safety-billionaire-friendly-texas/,01.07.2025
The Essential CPU and GPU Field Guide for 2025,/story/intel-amd-qualcomm-nvidia-new-cpus-and-gpus-ces-2025/,01.07.2025
The First US Bird Flu Death Is a Stark Warning,/story/the-first-us-bird-flu-death-is-a-stark-warning/,01.07.2025
The Health Monitoring Boom Only Gets Weirder From Here,/story/the-health-monitoring-boom-only-gets-weirder-from-here/,01.07.2025
Meta Now Lets Users Say Gay and Trans People Have ‘Mental Illness’,/story/meta-immigration-gender-policies-change/,01.07.2025
License Plate Readers Are Leaking Real-Time Video Feeds and Vehicle Data,/story/license-plate-reader-live-video-data-exposed/,01.07.2025
Meta’s Fact-Checking Partners Say They Were ‘Blindsided’ by Decision to Axe Them,/story/metas-fact-checking-partners-blindsided/,01.07.2025
Human Metapneumovirus Is Finally Being Taken Seriously,/story/human-metapneumovirus-is-the-forgotten-burden-of-public-health-china-flu-rsv-covid/,01.07.2025
Lenovo’s Latest Laptop Has a Rollable OLED Screen,/story/lenovo-ces-2025-rollable-oled-laptop-steamos-legion-go-s/,01.07.2025
Meta Ditches Fact-Checkers Ahead of Trump's Second Term,/story/meta-ditches-fact-checkers-in-favor-of-x-style-community-notes/,01.07.2025
Microsoft Says It's Time to Replace Your Old Windows 10 PC,/story/microsoft-says-its-time-to-replace-your-old-windows-10-pc/,01.07.2025
Europe Wanted to Lead the World on EVs. Its Carmakers Can’t Keep Up,/story/europe-wanted-to-lead-the-world-on-evs-carmakers-cant-keep-up/,01.07.2025
Does Dry January Really Make People Healthier?,/story/does-dry-january-really-make-people-healthier/,01.07.2025
10 More of the Coolest Things We’ve Seen at CES 2025,/gallery/ces-2025-photo-gallery-day-2/,01.07.2025
Correcting Genetic Spelling Errors With Next-Generation Crispr,/story/correcting-genetic-spelling-errors-with-next-generation-crispr/,01.07.2025
Satellites Can Now Identify Methane ‘Super-Emitters’,/story/satellites-global-methane-emissions-greenhouse-gas/,01.07.2025
Nvidia’s ‘Cosmos’ AI Helps Humanoid Robots Navigate the World,/story/nvidia-cosmos-ai-helps-robots-self-driving-cars/,01.06.2025
"Nvidia’s $3,000 ‘Personal AI Supercomputer’ Will Let You Ditch the Data Center",/story/nvidia-personal-supercomputer-ces/,01.06.2025
Robot Vacuums Are Now the Tiny Butlers of Your Dreams,/story/robot-vacuum-roborock-arm-omnigrip-ces/,01.06.2025
Pebble Flow EV Travel Trailer: Glamping Goes Electric,/story/pebble-flow-electric-camping-trailer-ships-in-2025/,01.06.2025
Vasco's Translator E1 Brings Impressive Real-Time Translations Straight to Your Ears,/review/vasco-translator-e1/,01.06.2025
The Best 7 Space Heaters of 2025,/gallery/the-best-space-heaters/,01.06.2025
The Memecoin Shenanigans Are Just Getting Started,/story/memecoins-cryptocurrency-regulation/,01.06.2025
The 10 Coolest Things We’ve Seen So Far at CES 2025,/gallery/ces-2025-photo-gallery-day-1/,01.06.2025
HTML Is Actually a Programming Language. Fight Me,/story/html-is-actually-a-programming-language-fight-me/,01.06.2025
"To Interact With the Real World, AI Will Gain Physical Intelligence",/story/ai-physical-intelligence-machine-learning/,01.06.2025
The Best iPad to Buy (and a Few to Avoid),/gallery/the-best-ipad/,01.05.2025
AlphaTheta’s DDJ-FLX2 Is a Near Perfect Controller for New DJs,/review/akphtatheta-ddj-flx2/,01.05.2025
Could Humans Have a Brain Microbiome?,/story/fish-have-a-brain-microbiome-could-humans-have-one-too/,01.05.2025
AI Hardware Is in Its ‘Put Up or Shut Up’ Era,/story/ces-2025-ai-hardware-is-in-its-put-up-or-shut-up-era/,01.05.2025
The Best Wi-Fi Routers,/gallery/best-wifi-routers/,01.05.2025
The Video Game Industry Is Finally Getting Serious About Player Safety,/story/video-games-developers-online-safety/,01.05.2025
Elon Musk Calls Out NASA’s Moon Ambitions: ‘We’re Going Straight to Mars’,/story/elon-musk-mars-moon-artemis-nasa/,01.04.2025
The 21 Best Portable Chargers for All of Your Devices,/gallery/best-portable-chargers-power-banks/,01.04.2025
Gardencup Makes Eating as Convenient as It Gets,/review/gardencup/,01.04.2025
It’s Time for Parents to Step Up in the Fight for Clean Air,/story/fossil-fuel-pollution-impact-children-parents-action/,01.04.2025
Take Part in Veganuary and You Might See Yourself Differently,/story/does-taking-part-in-veganuary-put-people-off-meat-in-the-long-term-heres-what-the-evidence-shows/,01.04.2025
We Spent Thousands of Hours Listening to Find the Best Wireless Headphones,/gallery/best-wireless-headphones/,01.04.2025
Wildfire Smoke Is Even More Dangerous Than Anyone Knew,/story/what-we-learned-about-wildfire-smoke-in-2024/,01.04.2025
Apple May Owe You $20 in a Siri Privacy Lawsuit Settlement,/story/apple-95-million-siri-privacy-lawsuit/,01.04.2025
Tesla's Annual Sales Dropped for the First Time—but the EV Industry Keeps Growing,/story/tesla-may-be-in-a-sales-slump-but-evs-overall-are-doing-ok/,01.04.2025
A Book App Used AI to ‘Roast’ Its Users. It Went Anti-Woke Instead,/story/fable-controversy-ai-summaries/,01.03.2025
USB-C Is Now the Law of the Land in Europe,/story/usb-c-is-now-a-legal-requirement-for-most-rechargeable-gadgets-in-europe/,01.03.2025
Elon Musk Is Posting Nonstop Falsehoods About 'Grooming Gangs',/story/elon-musk-disinformation-uk-grooming-gangs/,01.03.2025
Californians Say X Blocked Them From Viewing Amber Alert About Missing 14-Year-Old,/story/amber-alert-paywall-california/,01.03.2025
"These 3-in-1 Wireless Chargers Can Juice Up Your iPhone, Apple Watch, and AirPods at the Same Time",/gallery/best-apple-3-in-1-wireless-chargers/,01.03.2025
Our Favorite Outdoor Security Cams for Your Home or Business,/gallery/best-outdoor-security-cameras/,01.03.2025
How to Pick the Right MacBook for You,/story/which-macbook-should-you-buy/,01.03.2025
Facebook and Instagram Ads Push Gun Silencers Disguised as Car Parts,/story/fuel-filter-gun-silencer-ads-facebook-instagram/,01.03.2025
Dictatorships Will Be Vulnerable to Algorithms,/story/dictatorships-will-be-vulnerable-to-algorithms/,01.03.2025
The Death of Net Neutrality Is a Bad Omen,/story/net-neutrality-ruling-dead/,01.02.2025
"Editors at Science Journal Resign En Masse Over Bad Use of AI, High Fees",/story/editors-at-science-journal-resign-en-masse-over-bad-use-of-ai-high-fees/,01.02.2025
How to Watch the Spectacular Quadrantids Meteor Shower Tonight,/story/watch-meteor-showers-2025-shooting-stars-ursids-geminids-leonids-orionids-perseids-southern-delta-aquariids-lyrids-quadrantids/,01.02.2025
Your TV Sounds Awful. These Soundbars Can Fix That,/gallery/best-soundbars/,01.02.2025
It's Official: Boring Cities Are Bad for Your Health,/story/boring-cities-are-bad-for-your-health/,01.02.2025
Transforming the Moon Into Humanity’s First Space Hub,/story/moon-humanity-industrial-space-hub/,01.02.2025
This Coffee Machine Makes Cold Brew That Looks Like a Frothy Pint of Guinness,/review/cumulus-coffee-the-cumulus-machine/,01.01.2025
