title,link,date
The 50-Year-Old Law That Could Stop DOGE in Its Tracks—Maybe,/story/privacy-act-doge-lawsuits/,02.18.2025
Not Even DOGE Employees Know Who’s Legally Running DOGE,/story/doge-elon-musk-leadership-administrator/,02.18.2025
The 46 Best Shows on Max (aka HBO Max) Right Now,/story/hbo-max-best-shows-to-stream-right-now/,02.18.2025
Mira Murati Is Ready to Tell the World What She’s Working On,/story/mira-murati-thinking-machines-lab/,02.18.2025
National Science Foundation Fires 168 Workers as Federal Purge Continues,/story/national-science-foundation-february-2025-firings/,02.18.2025
Memecoin Scandal Threatens Argentine President Javier Milei,/story/memecoin-scandal-threatens-argentine-president-javier-milei/,02.18.2025
The Best External Hard Drives,/story/best-portable-external-storage-drives/,02.18.2025
The Best MagSafe Accessories for Your New iPhone,/gallery/best-magsafe-accessories/,02.18.2025
Google Calendar Malware Is on the Rise. Here’s How to Stay Safe,/story/google-calendar-malware-is-on-the-rise-heres-how-to-stay-safe/,02.18.2025
Long Live OnePlus’ 5-Day Battery King of Smartwatches,/review/oneplus-watch-3/,02.18.2025
The Ketamine-Fueled ‘Psychedelic Slumber Parties’ That Get Tech Execs Back on Track,/story/ketamine-psychedelic-slumber-parties-tech-executives/,02.18.2025
"Mobulas, an Aquatic Wonder of the Gulf of California, Are Disappearing",/story/mobulas-at-risk-of-disappearing-pacific-ocean/,02.18.2025
The Ratio Four Coffee Maker Brews Terrific Single-Serve Cups—No Pods Necessary,/review/ratio-four-coffee-maker/,02.18.2025
The 8 Best Mattress Toppers We've Slept On,/gallery/best-mattress-toppers/,02.18.2025
Chokepoint 2.0: An Investigation Promises the Truth About Crypto’s Biggest Conspiracy,/story/operation-chokepoint-20-crypto-debanking-conspiracy/,02.18.2025
"No, 150-Year-Olds Aren’t Collecting Social Security Benefits",/story/elon-musk-doge-social-security-150-year-old-benefits/,02.17.2025
The Best Theraguns and Therabody Tools for Recovery,/gallery/best-theragun-percussive-therapy-devices/,02.17.2025
The Best Laptops to Work and Play Wherever You Are,/gallery/best-laptops/,02.17.2025
A ‘Teleportation’ Breakthrough for Quantum Computing Is Here,/story/quantum-computing-information-teleportation/,02.17.2025
Why Trump’s Metal Tariffs Won’t Lead to the All-American iPhone,/story/why-trumps-metal-tariffs-wont-lead-to-the-all-american-iphone/,02.17.2025
Breathe Easy—We Found the Best Air Purifiers,/gallery/best-air-purifiers/,02.17.2025
Gourmia’s Low-Cost Pizza Oven and Air Fryer Scorches at 800 Degrees,/review/gourmia-all-in-one-pizza-oven/,02.17.2025
Zagg’s Pro Keys 2 Is a Cheaper iPad Keyboard Case but It’s Too Thick,/review/zagg-pro-keys-2-ipad-pro-13-inch-keyboard-case/,02.16.2025
The Spin Class Starter Pack: Everything You Need to Level Up Your Ride,/story/spin-class-starter-pack/,02.16.2025
Asus’ Zenbook A14 Is Wonderfully Light but Weak in Power,/review/asus-zenbook-a14/,02.16.2025
"The Best USB-C Cables for Your Phone, Tablet, or Laptop",/gallery/best-usb-c-cables/,02.16.2025
This New Algorithm for Sorting Books or Files Is Close to Perfection,/story/new-book-sorting-algorithm-almost-reaches-perfection/,02.16.2025
The Best Presidents’ Day Mattress Deals (and Bedding Too!),/story/presidents-day-mattress-deals-2025/,02.16.2025
The Best MacBook Accessories to Enhance Your Mac Life,/story/best-macbook-accessories/,02.15.2025
"Wait, Does Chocolate Go Bad? How to Store It, Freeze It, and Ship It",/story/how-to-store-chocolate/,02.15.2025
For-Profit Companies Can’t Easily Replace NOAA’s Weather-Forecasting Prowess,/story/noaas-vast-public-weather-data-powers-the-local-forecasts-on-your-phone-and-tv-a-private-company-alone-couldnt-match-it/,02.15.2025
The Best Noise-Canceling Headphones to Escape Reality,/gallery/best-noise-canceling-headphones/,02.15.2025
Metals Crucial to Clean Energy Are Getting Caught Up in the US–China Trade War,/story/2-obscure-clean-energy-metals-are-caught-in-the-crosshairs-of-the-us-china-trade-war/,02.15.2025
The 25 Best Shows on Amazon Prime Right Now,/story/best-shows-amazon-prime/,02.15.2025
The Official DOGE Website Launch Was a Security Mess,/story/the-official-doge-website-launch-was-a-security-mess/,02.15.2025
Apple’s Next iPhone SE Is Around the Corner,/story/apples-next-iphone-se-is-around-the-corner/,02.15.2025
A Player Has Defeated Punch-Out’s Mike Tyson in Under 2 Minutes for the First Time,/story/mike-tyson-punch-out-defeated-in-under-2-minutes-first-time/,02.15.2025
Top US Election Security Watchdog Forced to Stop Election Security Work,/story/cisa-election-security-freeze-memo/,02.14.2025
US Judge Extends Order to Block DOGE From Treasury Department Data,/story/doge-treasury-department-data-access-denied/,02.14.2025
Elon Musk’s Man in the Treasury Is Still Holding Down His Day Job as Software CEO,/story/musk-krause-treasury-bfs-conflict-of-interest/,02.14.2025
14 Great Couches You Can Buy Online,/gallery/best-couches/,02.14.2025
The DOGE Squad Is Squandering a Once-in-a-Lifetime Opportunity,/story/plaintext-elon-musk-doge-youth-squad/,02.14.2025
Zepp Clarity’s New OTC Hearing Aids Need More Time to Bake,/story/zepp-clarity-omni-clarity-one-and-clarity-pixie-hearing-aids-review/,02.14.2025
The Best Scented Candles,/gallery/best-scented-candles/,02.14.2025
12 Great Kindle Accessories to Add to Your E-Reader,/gallery/best-kindle-accessories/,02.14.2025
Beyerdynamic’s Aventho 300 Headphones Sound Good but Have Imperfect Noise Canceling,/review/beyerdynamic-aventho-300/,02.14.2025
The Best Podcasts for Everyone,/story/best-podcasts/,02.14.2025
"10 Years After ‘Stucky,’ Captain America: Brave New World Signals a Big Shift in Marvel Fandom",/story/captain-america-brave-new-world-fandom-fanfic-mcu/,02.14.2025
The Best Wireless Earbuds for Everyone,/gallery/best-wirefree-earbuds/,02.14.2025
From Swipe to Sweat: How Athletic Clubs Replaced Dating Apps,/story/dating-irl-athletic-clubs-gyms/,02.14.2025
Confessions of a Gay Priest on Hookup Apps,/story/confessions-of-a-gay-priest/,02.14.2025
Elon Musk’s Toxicity Could Spell Disaster for Tesla,/story/elon-musks-toxicity-could-spell-disaster-for-tesla/,02.14.2025
"Federal EV Charger Freeze Sows Chaos, but Chargers Are Still Getting Built",/story/ev-charger-freeze-sows-chaos-but-chargers-are-still-getting-built/,02.14.2025
H&R Block Coupon: $50 Off In-Store Services,/story/hr-block-coupon/,02.14.2025
TikTok Is Back in US App Stores,/story/tiktok-ban-back-in-ios-app-store-google-play-store/,02.13.2025
The 25 Best Movies on Apple TV+ Right Now,/story/best-apple-tv-plus-movies/,02.13.2025
A Nose-Computer Interface Could Turn Dogs Into Super Detectors,/story/nose-computer-interface-dogs-detectors-canaery/,02.13.2025
DOGE’s Website Is Just One Big X Ad,/story/doge-website-is-just-one-big-x-ad/,02.13.2025
Are Dating Apps Getting Worse?,/story/uncanny-valley-podcast-14-are-dating-apps-getting-worse/,02.13.2025
How We’re Keeping Tabs on DOGE,/story/uncanny-valley-podcast-news-update-doge/,02.13.2025
DOGE’s Race to the Bottom,/story/doge-elon-musk-fast-cuts/,02.13.2025
We Got Tipsy (Sorta) on a New Kind of Nonalcoholic Spirit,/review/sentia-spirits-gaba/,02.13.2025
Express Yourself With the Best AirPods Cases,/gallery/best-apple-airpods-cases/,02.13.2025
All the Settings You Should Change on Your New Samsung Phone,/story/key-settings-to-change-on-samsung-galaxy-phones/,02.13.2025
The Best Laptop Backpacks for Work (and Life),/gallery/the-best-backpacks-for-work/,02.13.2025
Here’s What the FDA Label on Your Personal Care Products Means,/story/fda-label-cleared-approved/,02.13.2025
Director of the Game Avowed Says AI Can’t Replace Human Creativity,/story/avowed-obsidian-carrie-patel-interview/,02.13.2025
17 Best Deals on Valentine’s Day Gifts,/story/valentines-day-deals-2025/,02.13.2025
The Best MagSafe Wireless Chargers,/gallery/best-magsafe-wireless-chargers/,02.13.2025
The Best Mattresses You Can Buy Online,/gallery/best-mattresses/,02.13.2025
"When Fires Rage, Millions Turn to Watch Duty. Meet the Guy Who Made It",/story/watch-duty-john-mills/,02.13.2025
